DisNo.,Historic,Classification Key,Disaster Group,Disaster Subgroup,Disaster Type,Disaster Subtype,External IDs,Event Name,ISO,Country,Subregion,Region,Location,Origin,Associated Types,OFDA/BHA Response,Appeal,Declaration,AID Contribution ('000 US$),Magnitude,Magnitude Scale,Latitude,Longitude,River Basin,Start Year,Start Month,Start Day,End Year,End Month,End Day,Total Deaths,No. Injured,No. Affected,No. Homeless,Total Affected,Reconstruction Costs ('000 US$),"Reconstruction Costs, Adjusted ('000 US$)",Insured Damage ('000 US$),"Insured Damage, Adjusted ('000 US$)",Total Damage ('000 US$),"Total Damage, Adjusted ('000 US$)",CPI,Admin Units,Entry Date,Last Update
2023-0002-PHL,No,nat-hyd-flo-flo,Natural,Hydrological,Flood,Flood (General),,,PHL,Philippines,South-eastern Asia,Asia,Lanao del Norte,Heavy rains,"Slide (land, mud, snow, rock)|Storm",No,No,No,,,Km2,7.9579723,123.9021124,,2023,1,1.0,2023,1,29,52.0,11.0,2143347.0,,2143358.0,,,,,30371.0,30371.0,100,,2023-01-05,2024-03-05
2023-0002-PHL,No,nat-hyd-flo-flo,Natural,Hydrological,Flood,Flood (General),,,PHL,Philippines,South-eastern Asia,Asia,Davao de Oro,Heavy rains,"Slide (land, mud, snow, rock)|Storm",No,No,No,,,Km2,7.45,126.07,,2023,1,1.0,2023,1,29,52.0,11.0,2143347.0,,2143358.0,,,,,30371.0,30371.0,100,,2023-01-05,2024-03-05
2023-0002-PHL,No,nat-hyd-flo-flo,Natural,Hydrological,Flood,Flood (General),,,PHL,Philippines,South-eastern Asia,Asia,Davao del Norte,Heavy rains,"Slide (land, mud, snow, rock)|Storm",No,No,No,,,Km2,7.6179228,125.6832687,,2023,1,1.0,2023,1,29,52.0,11.0,2143347.0,,2143358.0,,,,,30371.0,30371.0,100,,2023-01-05,2024-03-05
2023-0002-PHL,No,nat-hyd-flo-flo,Natural,Hydrological,Flood,Flood (General),,,PHL,Philippines,South-eastern Asia,Asia,Maguindanao,Heavy rains,"Slide (land, mud, snow, rock)|Storm",No,No,No,,,Km2,6.1014858,125.1597744,,2023,1,1.0,2023,1,29,52.0,11.0,2143347.0,,2143358.0,,,,,30371.0,30371.0,100,,2023-01-05,2024-03-05
2023-0002-PHL,No,nat-hyd-flo-flo,Natural,Hydrological,Flood,Flood (General),,,PHL,Philippines,South-eastern Asia,Asia,Mimaropa,Heavy rains,"Slide (land, mud, snow, rock)|Storm",No,No,No,,,Km2,13.0106436,121.4115747,,2023,1,1.0,2023,1,29,52.0,11.0,2143347.0,,2143358.0,,,,,30371.0,30371.0,100,,2023-01-05,2024-03-05
2023-0002-PHL,No,nat-hyd-flo-flo,Natural,Hydrological,Flood,Flood (General),,,PHL,Philippines,South-eastern Asia,Asia,Cagayan Valley,Heavy rains,"Slide (land, mud, snow, rock)|Storm",No,No,No,,,Km2,17.6722156,121.8831043,,2023,1,1.0,2023,1,29,52.0,11.0,2143347.0,,2143358.0,,,,,30371.0,30371.0,100,,2023-01-05,2024-03-05
2023-0002-PHL,No,nat-hyd-flo-flo,Natural,Hydrological,Flood,Flood (General),,,PHL,Philippines,South-eastern Asia,Asia,Central Luzon,Heavy rains,"Slide (land, mud, snow, rock)|Storm",No,No,No,,,Km2,15.3942729,120.6872959,,2023,1,1.0,2023,1,29,52.0,11.0,2143347.0,,2143358.0,,,,,30371.0,30371.0,100,,2023-01-05,2024-03-05
2023-0002-PHL,No,nat-hyd-flo-flo,Natural,Hydrological,Flood,Flood (General),,,PHL,Philippines,South-eastern Asia,Asia,Calabarzon,Heavy rains,"Slide (land, mud, snow, rock)|Storm",No,No,No,,,Km2,14.1644023,121.3536525,,2023,1,1.0,2023,1,29,52.0,11.0,2143347.0,,2143358.0,,,,,30371.0,30371.0,100,,2023-01-05,2024-03-05
2023-0002-PHL,No,nat-hyd-flo-flo,Natural,Hydrological,Flood,Flood (General),,,PHL,Philippines,South-eastern Asia,Asia,Bicol,Heavy rains,"Slide (land, mud, snow, rock)|Storm",No,No,No,,,Km2,13.0764489,123.5162595,,2023,1,1.0,2023,1,29,52.0,11.0,2143347.0,,2143358.0,,,,,30371.0,30371.0,100,,2023-01-05,2024-03-05
2023-0002-PHL,No,nat-hyd-flo-flo,Natural,Hydrological,Flood,Flood (General),,,PHL,Philippines,South-eastern Asia,Asia,Western Visayas,Heavy rains,"Slide (land, mud, snow, rock)|Storm",No,No,No,,,Km2,11.2367324,122.6878187,,2023,1,1.0,2023,1,29,52.0,11.0,2143347.0,,2143358.0,,,,,30371.0,30371.0,100,,2023-01-05,2024-03-05
2023-0002-PHL,No,nat-hyd-flo-flo,Natural,Hydrological,Flood,Flood (General),,,PHL,Philippines,South-eastern Asia,Asia,Eastern Visayas,Heavy rains,"Slide (land, mud, snow, rock)|Storm",No,No,No,,,Km2,11.2945278,124.9959508,,2023,1,1.0,2023,1,29,52.0,11.0,2143347.0,,2143358.0,,,,,30371.0,30371.0,100,,2023-01-05,2024-03-05
2023-0002-PHL,No,nat-hyd-flo-flo,Natural,Hydrological,Flood,Flood (General),,,PHL,Philippines,South-eastern Asia,Asia,Zamboanga Peninsula,Heavy rains,"Slide (land, mud, snow, rock)|Storm",No,No,No,,,Km2,7.7787234,122.7570828,,2023,1,1.0,2023,1,29,52.0,11.0,2143347.0,,2143358.0,,,,,30371.0,30371.0,100,,2023-01-05,2024-03-05
2023-0002-PHL,No,nat-hyd-flo-flo,Natural,Hydrological,Flood,Flood (General),,,PHL,Philippines,South-eastern Asia,Asia,Soccsksargen,Heavy rains,"Slide (land, mud, snow, rock)|Storm",No,No,No,,,Km2,6.5647277,124.4840255,,2023,1,1.0,2023,1,29,52.0,11.0,2143347.0,,2143358.0,,,,,30371.0,30371.0,100,,2023-01-05,2024-03-05
2023-0002-PHL,No,nat-hyd-flo-flo,Natural,Hydrological,Flood,Flood (General),,,PHL,Philippines,South-eastern Asia,Asia,Caraga,Heavy rains,"Slide (land, mud, snow, rock)|Storm",No,No,No,,,Km2,9.2517336,125.851666,,2023,1,1.0,2023,1,29,52.0,11.0,2143347.0,,2143358.0,,,,,30371.0,30371.0,100,,2023-01-05,2024-03-05
2023-0003-NGA,No,tec-tra-wat-wat,Technological,Transport,Water,Water,,,NGA,Nigeria,Sub-Saharan Africa,Africa,Niger river,,,No,No,No,,,,6.1631165,6.7742738,,2023,1,4.0,2023,1,4,20.0,,80.0,,80.0,,,,,,,100,,2023-01-05,2023-09-26
2023-0006-IDN,No,nat-geo-ear-gro,Natural,Geophysical,Earthquake,Ground movement,,,IDN,Indonesia,South-eastern Asia,Asia,Southwest Maluku,,,No,No,No,,7.6,Moment Magnitude,,,,2023,1,10.0,2023,1,10,1.0,11.0,4350.0,60.0,4421.0,,,,,,,100,"[{""adm1_code"":73615,""adm1_name"":""Maluku""}]",2023-01-18,2023-09-26
2023-0006-IDN,No,nat-geo-ear-gro,Natural,Geophysical,Earthquake,Ground movement,,,IDN,Indonesia,South-eastern Asia,Asia,Tanimbar Islands,,,No,No,No,,7.6,Moment Magnitude,-8.6735389,115.215044,,2023,1,10.0,2023,1,10,1.0,11.0,4350.0,60.0,4421.0,,,,,,,100,"[{""adm1_code"":73615,""adm1_name"":""Maluku""}]",2023-01-18,2023-09-26
2023-0007-COL,No,nat-hyd-mmw-lan,Natural,Hydrological,Mass movement (wet),Landslide (wet),,,COL,Colombia,Latin America and the Caribbean,Americas,Rosas,Heavy rains,,No,No,No,,,,2.2621018,-76.7392875,,2023,1,10.0,2023,1,10,,,700.0,,700.0,,,,,,,100,"[{""adm2_code"":13748,""adm2_name"":""Rosas""}]",2023-01-18,2023-09-26
2023-0007-COL,No,nat-hyd-mmw-lan,Natural,Hydrological,Mass movement (wet),Landslide (wet),,,COL,Colombia,Latin America and the Caribbean,Americas,Cauca,Heavy rains,,No,No,No,,,,2.715645,-76.662665,,2023,1,10.0,2023,1,10,,,700.0,,700.0,,,,,,,100,"[{""adm2_code"":13748,""adm2_name"":""Rosas""}]",2023-01-18,2023-09-26
2023-0011-ARM,No,tec-mis-fir-fir,Technological,Miscellaneous accident,Fire (Miscellaneous),Fire (Miscellaneous),,Military house,ARM,Armenia,Western Asia,Asia,Azat,,,No,No,No,,,,40.1791353,45.8721036,,2023,1,19.0,2023,1,19,15.0,,,,,,,,,,,100,,2023-01-19,2023-09-26
2023-0011-ARM,No,tec-mis-fir-fir,Technological,Miscellaneous accident,Fire (Miscellaneous),Fire (Miscellaneous),,Military house,ARM,Armenia,Western Asia,Asia,Gegharkunik,,,No,No,No,,,,40.3030726,45.375739,,2023,1,19.0,2023,1,19,15.0,,,,,,,,,,,100,,2023-01-19,2023-09-26
2023-0012-IRN,No,nat-geo-ear-gro,Natural,Geophysical,Earthquake,Ground movement,GLIDE:EQ-2023-000007,,IRN,Iran,Southern Asia,Asia,Khoy,,,No,No,No,,5.7,Moment Magnitude,38.5504343,44.95354,,2023,1,18.0,2023,1,18,,252.0,41426.0,,41678.0,,,,,50000.0,50000.0,100,,2023-01-19,2023-09-26
2023-0012-IRN,No,nat-geo-ear-gro,Natural,Geophysical,Earthquake,Ground movement,GLIDE:EQ-2023-000007,,IRN,Iran,Southern Asia,Asia,Firoraq,,,No,No,No,,5.7,Moment Magnitude,,,,2023,1,18.0,2023,1,18,,252.0,41426.0,,41678.0,,,,,50000.0,50000.0,100,,2023-01-19,2023-09-26
2023-0013-UKR,No,tec-tra-air-air,Technological,Transport,Air,Air,,Helicopter,UKR,Ukraine,Eastern Europe,Europe,Brovary,,,No,No,No,,,,50.5111168,30.7900482,,2023,1,18.0,2023,1,18,16.0,22.0,,,22.0,,,,,,,100,,2023-01-19,2023-09-26
2023-0014-SEN,No,tec-tra-roa-roa,Technological,Transport,Road,Road,,,SEN,Senegal,Sub-Saharan Africa,Africa,Sakal,,,No,No,No,,,,15.8321435,-16.2214953,,2023,1,16.0,2023,1,16,22.0,,,,,,,,,,,100,,2023-01-19,2023-09-26
2023-0015-CHN,No,tec-tra-roa-roa,Technological,Transport,Road,Road,,,CHN,China,Eastern Asia,Asia,Nanchang,,,No,No,No,,,,28.6472124,116.0348483,,2023,1,8.0,2023,1,8,19.0,20.0,,,20.0,,,,,,,100,,2023-01-19,2023-09-26
2023-0016-KEN,No,tec-tra-roa-roa,Technological,Transport,Road,Road,,,KEN,Kenya,Sub-Saharan Africa,Africa,Lwakhakha,,,No,No,No,,,,,,,2023,1,8.0,2023,1,8,21.0,,,,,,,,,,,100,,2023-01-19,2023-09-26
2023-0017-UGA,No,tec-tra-roa-roa,Technological,Transport,Road,Road,,,UGA,Uganda,Sub-Saharan Africa,Africa,Gulu,,,No,No,No,,,,3.0346583,32.3802374,,2023,1,4.0,2023,1,4,16.0,,,,,,,,,,,100,,2023-01-19,2023-09-26
2023-0018-UGA,No,tec-mis-mis-mis,Technological,Miscellaneous accident,Miscellaneous accident (General),Miscellaneous accident (General),,Stampede,UGA,Uganda,Sub-Saharan Africa,Africa,Kampala,,,No,No,No,,,,0.3177137,32.5813539,,2023,1,1.0,2023,1,1,10.0,,,,,,,,,,,100,,2023-01-19,2023-09-26
2023-0019-AFG,No,nat-met-ext-col,Natural,Meteorological,Extreme temperature,Cold wave,,,AFG,Afghanistan,Southern Asia,Asia,Ghor,,Intoxication,No,No,No,,-33.0,°C,34.1605257,64.9201949,,2023,1,9.0,2023,1,23,166.0,,,,,,,,,,,100,"[{""adm1_code"":273,""adm1_name"":""Badghis""},{""adm1_code"":274,""adm1_name"":""Baghlan""},{""adm1_code"":278,""adm1_name"":""Faryab""},{""adm1_code"":280,""adm1_name"":""Ghor""},{""adm1_code"":285,""adm1_name"":""Kandahar""},{""adm1_code"":293,""adm1_name"":""Nimroz""},{""adm1_code"":299,""adm1_name"":""Sar-e-Pul""},{""adm1_code"":300,""adm1_name"":""Takhar""}]",2023-01-23,2024-02-27
2023-0019-AFG,No,nat-met-ext-col,Natural,Meteorological,Extreme temperature,Cold wave,,,AFG,Afghanistan,Southern Asia,Asia,Baghlan,,Intoxication,No,No,No,,-33.0,°C,35.75,69.0,,2023,1,9.0,2023,1,23,166.0,,,,,,,,,,,100,"[{""adm1_code"":273,""adm1_name"":""Badghis""},{""adm1_code"":274,""adm1_name"":""Baghlan""},{""adm1_code"":278,""adm1_name"":""Faryab""},{""adm1_code"":280,""adm1_name"":""Ghor""},{""adm1_code"":285,""adm1_name"":""Kandahar""},{""adm1_code"":293,""adm1_name"":""Nimroz""},{""adm1_code"":299,""adm1_name"":""Sar-e-Pul""},{""adm1_code"":300,""adm1_name"":""Takhar""}]",2023-01-23,2024-02-27
2023-0019-AFG,No,nat-met-ext-col,Natural,Meteorological,Extreme temperature,Cold wave,,,AFG,Afghanistan,Southern Asia,Asia,Sar-e-Pul,,Intoxication,No,No,No,,-33.0,°C,35.5532126,66.2426766,,2023,1,9.0,2023,1,23,166.0,,,,,,,,,,,100,"[{""adm1_code"":273,""adm1_name"":""Badghis""},{""adm1_code"":274,""adm1_name"":""Baghlan""},{""adm1_code"":278,""adm1_name"":""Faryab""},{""adm1_code"":280,""adm1_name"":""Ghor""},{""adm1_code"":285,""adm1_name"":""Kandahar""},{""adm1_code"":293,""adm1_name"":""Nimroz""},{""adm1_code"":299,""adm1_name"":""Sar-e-Pul""},{""adm1_code"":300,""adm1_name"":""Takhar""}]",2023-01-23,2024-02-27
2023-0019-AFG,No,nat-met-ext-col,Natural,Meteorological,Extreme temperature,Cold wave,,,AFG,Afghanistan,Southern Asia,Asia,Faryab,,Intoxication,No,No,No,,-33.0,°C,35.9261784,64.6237758,,2023,1,9.0,2023,1,23,166.0,,,,,,,,,,,100,"[{""adm1_code"":273,""adm1_name"":""Badghis""},{""adm1_code"":274,""adm1_name"":""Baghlan""},{""adm1_code"":278,""adm1_name"":""Faryab""},{""adm1_code"":280,""adm1_name"":""Ghor""},{""adm1_code"":285,""adm1_name"":""Kandahar""},{""adm1_code"":293,""adm1_name"":""Nimroz""},{""adm1_code"":299,""adm1_name"":""Sar-e-Pul""},{""adm1_code"":300,""adm1_name"":""Takhar""}]",2023-01-23,2024-02-27
2023-0019-AFG,No,nat-met-ext-col,Natural,Meteorological,Extreme temperature,Cold wave,,,AFG,Afghanistan,Southern Asia,Asia,Takhar,,Intoxication,No,No,No,,-33.0,°C,36.5940732,69.7938996,,2023,1,9.0,2023,1,23,166.0,,,,,,,,,,,100,"[{""adm1_code"":273,""adm1_name"":""Badghis""},{""adm1_code"":274,""adm1_name"":""Baghlan""},{""adm1_code"":278,""adm1_name"":""Faryab""},{""adm1_code"":280,""adm1_name"":""Ghor""},{""adm1_code"":285,""adm1_name"":""Kandahar""},{""adm1_code"":293,""adm1_name"":""Nimroz""},{""adm1_code"":299,""adm1_name"":""Sar-e-Pul""},{""adm1_code"":300,""adm1_name"":""Takhar""}]",2023-01-23,2024-02-27
2023-0019-AFG,No,nat-met-ext-col,Natural,Meteorological,Extreme temperature,Cold wave,,,AFG,Afghanistan,Southern Asia,Asia,Kandahar,,Intoxication,No,No,No,,-33.0,°C,31.6205738,65.7157573,,2023,1,9.0,2023,1,23,166.0,,,,,,,,,,,100,"[{""adm1_code"":273,""adm1_name"":""Badghis""},{""adm1_code"":274,""adm1_name"":""Baghlan""},{""adm1_code"":278,""adm1_name"":""Faryab""},{""adm1_code"":280,""adm1_name"":""Ghor""},{""adm1_code"":285,""adm1_name"":""Kandahar""},{""adm1_code"":293,""adm1_name"":""Nimroz""},{""adm1_code"":299,""adm1_name"":""Sar-e-Pul""},{""adm1_code"":300,""adm1_name"":""Takhar""}]",2023-01-23,2024-02-27
2023-0019-AFG,No,nat-met-ext-col,Natural,Meteorological,Extreme temperature,Cold wave,,,AFG,Afghanistan,Southern Asia,Asia,Nimroz,,Intoxication,No,No,No,,-33.0,°C,30.7753811,62.4793088,,2023,1,9.0,2023,1,23,166.0,,,,,,,,,,,100,"[{""adm1_code"":273,""adm1_name"":""Badghis""},{""adm1_code"":274,""adm1_name"":""Baghlan""},{""adm1_code"":278,""adm1_name"":""Faryab""},{""adm1_code"":280,""adm1_name"":""Ghor""},{""adm1_code"":285,""adm1_name"":""Kandahar""},{""adm1_code"":293,""adm1_name"":""Nimroz""},{""adm1_code"":299,""adm1_name"":""Sar-e-Pul""},{""adm1_code"":300,""adm1_name"":""Takhar""}]",2023-01-23,2024-02-27
2023-0019-AFG,No,nat-met-ext-col,Natural,Meteorological,Extreme temperature,Cold wave,,,AFG,Afghanistan,Southern Asia,Asia,Badghis,,Intoxication,No,No,No,,-33.0,°C,35.0,63.75,,2023,1,9.0,2023,1,23,166.0,,,,,,,,,,,100,"[{""adm1_code"":273,""adm1_name"":""Badghis""},{""adm1_code"":274,""adm1_name"":""Baghlan""},{""adm1_code"":278,""adm1_name"":""Faryab""},{""adm1_code"":280,""adm1_name"":""Ghor""},{""adm1_code"":285,""adm1_name"":""Kandahar""},{""adm1_code"":293,""adm1_name"":""Nimroz""},{""adm1_code"":299,""adm1_name"":""Sar-e-Pul""},{""adm1_code"":300,""adm1_name"":""Takhar""}]",2023-01-23,2024-02-27
2023-0020-MDG,No,nat-met-sto-tro,Natural,Meteorological,Storm,Tropical cyclone,,Tropical cyclone 'Cheneso',MDG,Madagascar,Sub-Saharan Africa,Africa,Antalaha,,"Flood|Slide (land, mud, snow, rock)",No,No,No,,106.0,Kph,-14.9012302,50.2810433,,2023,1,19.0,2023,1,23,53.0,,90870.0,,90870.0,,,,,20000.0,20000.0,100,"[{""adm1_code"":41762,""adm1_name"":""Diana""},{""adm2_code"":154596,""adm2_name"":""Antalaha""}]",2023-01-23,2023-09-26
2023-0020-MDG,No,nat-met-sto-tro,Natural,Meteorological,Storm,Tropical cyclone,,Tropical cyclone 'Cheneso',MDG,Madagascar,Sub-Saharan Africa,Africa,Diana regon,,"Flood|Slide (land, mud, snow, rock)",No,No,No,,106.0,Kph,,,,2023,1,19.0,2023,1,23,53.0,,90870.0,,90870.0,,,,,20000.0,20000.0,100,"[{""adm1_code"":41762,""adm1_name"":""Diana""},{""adm2_code"":154596,""adm2_name"":""Antalaha""}]",2023-01-23,2023-09-26
2023-0021-CHN,No,nat-hyd-mmw-ava,Natural,Hydrological,Mass movement (wet),Avalanche (wet),,,CHN,China,Eastern Asia,Asia,Nyingchi,,,No,No,No,,,,29.5487912,94.6384738,,2023,1,17.0,2023,1,17,28.0,5.0,53.0,,58.0,,,,,,,100,,2023-01-23,2023-09-26
2023-0022-SRB,No,nat-hyd-flo-riv,Natural,Hydrological,Flood,Riverine flood,,,SRB,Serbia,Southern Europe,Europe,Sjenica,Heavy rainfall and river overflow,,No,No,No,,,Km2,43.2729348,19.9991727,Trnavica River,2023,1,18.0,2023,1,20,2.0,,210.0,,210.0,,,,,,,100,,2023-01-23,2023-09-26
2023-0022-SRB,No,nat-hyd-flo-riv,Natural,Hydrological,Flood,Riverine flood,,,SRB,Serbia,Southern Europe,Europe,Brodarevo Novi Pazar,Heavy rainfall and river overflow,,No,No,No,,,Km2,,,Trnavica River,2023,1,18.0,2023,1,20,2.0,,210.0,,210.0,,,,,,,100,,2023-01-23,2023-09-26
2023-0022-SRB,No,nat-hyd-flo-riv,Natural,Hydrological,Flood,Riverine flood,,,SRB,Serbia,Southern Europe,Europe,Novi Pazar,Heavy rainfall and river overflow,,No,No,No,,,Km2,43.1363535,20.5112273,Trnavica River,2023,1,18.0,2023,1,20,2.0,,210.0,,210.0,,,,,,,100,,2023-01-23,2023-09-26
2023-0028-BRA,No,nat-hyd-flo-flo,Natural,Hydrological,Flood,Flood (General),,,BRA,Brazil,Latin America and the Caribbean,Americas,Rodeio,,"Slide (land, mud, snow, rock)|Storm",No,No,No,,,Km2,-26.9233304,-49.3685354,,2023,1,17.0,2023,1,18,5.0,,180.0,,180.0,,,,,10000.0,10000.0,100,"[{""adm2_code"":10907,""adm2_name"":""Rodeio""}]",2023-01-23,2024-10-28
2023-0032-USA,No,nat-met-sto-tor,Natural,Meteorological,Storm,Tornado,,,USA,United States of America,Northern America,Americas,Alabama,,,No,No,Yes,,145.0,Kph,33.2588817,-86.8295337,,2023,1,12.0,2023,1,12,11.0,49.0,,,49.0,,,,,770000.0,770000.0,100,"[{""adm1_code"":3214,""adm1_name"":""Alabama""},{""adm1_code"":3224,""adm1_name"":""Georgia""}]",2023-01-23,2024-01-24
2023-0032-USA,No,nat-met-sto-tor,Natural,Meteorological,Storm,Tornado,,,USA,United States of America,Northern America,Americas,Georgia,,,No,No,Yes,,145.0,Kph,32.3293809,-83.1137366,,2023,1,12.0,2023,1,12,11.0,49.0,,,49.0,,,,,770000.0,770000.0,100,"[{""adm1_code"":3214,""adm1_name"":""Alabama""},{""adm1_code"":3224,""adm1_name"":""Georgia""}]",2023-01-23,2024-01-24
2023-0034-SYR,No,tec-mis-col-col,Technological,Miscellaneous accident,Collapse (Miscellaneous),Collapse (Miscellaneous),,Building,SYR,Syrian Arab Republic,Western Asia,Asia,Alep,,,No,No,No,,,,36.19924,37.1637253,,2023,1,22.0,2023,1,22,16.0,4.0,,,4.0,,,,,,,100,,2023-01-23,2023-09-26
2023-0035-THA,No,tec-tra-roa-roa,Technological,Transport,Road,Road,,,THA,Thailand,South-eastern Asia,Asia,Nakhon Ratchasima,,,No,No,No,,,,14.9747339,102.0981161,,2023,1,21.0,2023,1,21,11.0,,,,,,,,,,,100,,2023-01-23,2023-09-26
2023-0036-KOR,No,tec-mis-fir-fir,Technological,Miscellaneous accident,Fire (Miscellaneous),Fire (Miscellaneous),,Slum,KOR,Republic of Korea,Eastern Asia,Asia,Guryong,,,No,No,No,,,,37.4869265,127.0594609,,2023,1,20.0,2023,1,20,,,500.0,,500.0,,,,,,,100,,2023-01-23,2023-09-26
2023-0037-DZA,No,tec-mis-mis-mis,Technological,Miscellaneous accident,Miscellaneous accident (General),Miscellaneous accident (General),,,DZA,Algeria,Northern Africa,Africa,Boussaada,,Cold wave,No,No,No,,,,36.4526237,5.3198759,,2023,1,9.0,2023,1,10,17.0,,,,,,,,,,,100,,2023-01-23,2023-09-26
2023-0037-DZA,No,tec-mis-mis-mis,Technological,Miscellaneous accident,Miscellaneous accident (General),Miscellaneous accident (General),,,DZA,Algeria,Northern Africa,Africa,Ain Oulmane,,Cold wave,No,No,No,,,,35.9231689,5.2959232,,2023,1,9.0,2023,1,10,17.0,,,,,,,,,,,100,,2023-01-23,2023-09-26
2023-0037-DZA,No,tec-mis-mis-mis,Technological,Miscellaneous accident,Miscellaneous accident (General),Miscellaneous accident (General),,,DZA,Algeria,Northern Africa,Africa,Mostaganem,,Cold wave,No,No,No,,,,35.928808,0.089978,,2023,1,9.0,2023,1,10,17.0,,,,,,,,,,,100,,2023-01-23,2023-09-26
2023-0038-AUS,No,nat-hyd-flo-flo,Natural,Hydrological,Flood,Flood (General),,,AUS,Australia,Australia and New Zealand,Oceania,Kimberley,Heavy rains,,No,No,No,,,Km2,-16.27412,145.4472478,,2023,1,6.0,2023,1,10,,,363.0,114.0,477.0,,,,,,,100,"[{""adm2_code"":5472,""adm2_name"":""Derby-West Kimberley (S)""},{""adm2_code"":5569,""adm2_name"":""Wyndham-East Kimberley (S)""}]",2023-01-23,2024-10-28
2023-0039-NPL,No,tec-tra-air-air,Technological,Transport,Air,Air,,,NPL,Nepal,Southern Asia,Asia,Pokhara,,,No,No,No,,,,28.209538,83.991402,,2023,1,15.0,2023,1,15,72.0,,,,,,,,,,,100,,2023-01-23,2023-09-26
2023-0041-IDN,No,nat-hyd-flo-flo,Natural,Hydrological,Flood,Flood (General),,,IDN,Indonesia,South-eastern Asia,Asia,Aceh,Torrential rains,"Slide (land, mud, snow, rock)",No,No,No,,,Km2,4.3685491,97.0253024,,2023,1,20.0,2023,1,27,,,100000.0,,100000.0,,,,,,,100,,2023-01-27,2024-01-23
2023-0041-IDN,No,nat-hyd-flo-flo,Natural,Hydrological,Flood,Flood (General),,,IDN,Indonesia,South-eastern Asia,Asia,West Sumatra,Torrential rains,"Slide (land, mud, snow, rock)",No,No,No,,,Km2,-0.5827529,100.6133379,,2023,1,20.0,2023,1,27,,,100000.0,,100000.0,,,,,,,100,,2023-01-27,2024-01-23
2023-0041-MYS,No,nat-hyd-flo-flo,Natural,Hydrological,Flood,Flood (General),,,MYS,Malaysia,South-eastern Asia,Asia,Johor,Torrential rains,,No,No,No,,,Km2,2.0228821,103.3114564,,2023,1,20.0,2023,1,27,,,11000.0,,11000.0,,,,,,,100,,2023-01-27,2024-01-23
2023-0041-MYS,No,nat-hyd-flo-flo,Natural,Hydrological,Flood,Flood (General),,,MYS,Malaysia,South-eastern Asia,Asia,Pahang,Torrential rains,,No,No,No,,,Km2,3.6168822,102.5994547,,2023,1,20.0,2023,1,27,,,11000.0,,11000.0,,,,,,,100,,2023-01-27,2024-01-23
2023-0041-MYS,No,nat-hyd-flo-flo,Natural,Hydrological,Flood,Flood (General),,,MYS,Malaysia,South-eastern Asia,Asia,Sabah States,Torrential rains,,No,No,No,,,Km2,,,,2023,1,20.0,2023,1,27,,,11000.0,,11000.0,,,,,,,100,,2023-01-27,2024-01-23
2023-0043-MOZ,No,nat-bio-epi-bac,Natural,Biological,Epidemic,Bacterial disease,GLIDE:EP-2023-000006,Cholera,MOZ,Mozambique,Sub-Saharan Africa,Africa,Xai-Xai,,,No,No,No,,,,-25.044479,33.64073,,2023,1,8.0,2023,1,13,141.0,33544.0,,,33544.0,,,,,,,100,,2023-01-30,2025-04-16
2023-0043-MOZ,No,nat-bio-epi-bac,Natural,Biological,Epidemic,Bacterial disease,GLIDE:EP-2023-000006,Cholera,MOZ,Mozambique,Sub-Saharan Africa,Africa,Chilaulene,,,No,No,No,,,,,,,2023,1,8.0,2023,1,13,141.0,33544.0,,,33544.0,,,,,,,100,,2023-01-30,2025-04-16
2023-0043-MOZ,No,nat-bio-epi-bac,Natural,Biological,Epidemic,Bacterial disease,GLIDE:EP-2023-000006,Cholera,MOZ,Mozambique,Sub-Saharan Africa,Africa,Lichinga,,,No,No,No,,,,-13.2999118,35.2458642,,2023,1,8.0,2023,1,13,141.0,33544.0,,,33544.0,,,,,,,100,,2023-01-30,2025-04-16
2023-0043-MOZ,No,nat-bio-epi-bac,Natural,Biological,Epidemic,Bacterial disease,GLIDE:EP-2023-000006,Cholera,MOZ,Mozambique,Sub-Saharan Africa,Africa,Lago,,,No,No,No,,,,-12.336691,34.9321381,,2023,1,8.0,2023,1,13,141.0,33544.0,,,33544.0,,,,,,,100,,2023-01-30,2025-04-16
2023-0043-MOZ,No,nat-bio-epi-bac,Natural,Biological,Epidemic,Bacterial disease,GLIDE:EP-2023-000006,Cholera,MOZ,Mozambique,Sub-Saharan Africa,Africa,Senga,,,No,No,No,,,,-10.844025,40.481052,,2023,1,8.0,2023,1,13,141.0,33544.0,,,33544.0,,,,,,,100,,2023-01-30,2025-04-16
2023-0043-MOZ,No,nat-bio-epi-bac,Natural,Biological,Epidemic,Bacterial disease,GLIDE:EP-2023-000006,Cholera,MOZ,Mozambique,Sub-Saharan Africa,Africa,Cuamba,,,No,No,No,,,,-14.7486331,36.597456,,2023,1,8.0,2023,1,13,141.0,33544.0,,,33544.0,,,,,,,100,,2023-01-30,2025-04-16
2023-0043-MOZ,No,nat-bio-epi-bac,Natural,Biological,Epidemic,Bacterial disease,GLIDE:EP-2023-000006,Cholera,MOZ,Mozambique,Sub-Saharan Africa,Africa,Madimba,,,No,No,No,,,,,,,2023,1,8.0,2023,1,13,141.0,33544.0,,,33544.0,,,,,,,100,,2023-01-30,2025-04-16
2023-0043-MOZ,No,nat-bio-epi-bac,Natural,Biological,Epidemic,Bacterial disease,GLIDE:EP-2023-000006,Cholera,MOZ,Mozambique,Sub-Saharan Africa,Africa,Chimbonila,,,No,No,No,,,,-13.4234528,35.3391553,,2023,1,8.0,2023,1,13,141.0,33544.0,,,33544.0,,,,,,,100,,2023-01-30,2025-04-16
2023-0043-MOZ,No,nat-bio-epi-bac,Natural,Biological,Epidemic,Bacterial disease,GLIDE:EP-2023-000006,Cholera,MOZ,Mozambique,Sub-Saharan Africa,Africa,Machanga,,,No,No,No,,,,-20.9150949,34.5664612,,2023,1,8.0,2023,1,13,141.0,33544.0,,,33544.0,,,,,,,100,,2023-01-30,2025-04-16
2023-0043-MOZ,No,nat-bio-epi-bac,Natural,Biological,Epidemic,Bacterial disease,GLIDE:EP-2023-000006,Cholera,MOZ,Mozambique,Sub-Saharan Africa,Africa,Chibabbavu,,,No,No,No,,,,,,,2023,1,8.0,2023,1,13,141.0,33544.0,,,33544.0,,,,,,,100,,2023-01-30,2025-04-16
2023-0043-MOZ,No,nat-bio-epi-bac,Natural,Biological,Epidemic,Bacterial disease,GLIDE:EP-2023-000006,Cholera,MOZ,Mozambique,Sub-Saharan Africa,Africa,Buzi,,,No,No,No,,,,-20.0760232,34.3582914,,2023,1,8.0,2023,1,13,141.0,33544.0,,,33544.0,,,,,,,100,,2023-01-30,2025-04-16
2023-0043-MOZ,No,nat-bio-epi-bac,Natural,Biological,Epidemic,Bacterial disease,GLIDE:EP-2023-000006,Cholera,MOZ,Mozambique,Sub-Saharan Africa,Africa,Dondo,,,No,No,No,,,,-19.4392924,34.8093383,,2023,1,8.0,2023,1,13,141.0,33544.0,,,33544.0,,,,,,,100,,2023-01-30,2025-04-16
2023-0043-MOZ,No,nat-bio-epi-bac,Natural,Biological,Epidemic,Bacterial disease,GLIDE:EP-2023-000006,Cholera,MOZ,Mozambique,Sub-Saharan Africa,Africa,Nhamatanda,,,No,No,No,,,,-19.3054169,34.2457548,,2023,1,8.0,2023,1,13,141.0,33544.0,,,33544.0,,,,,,,100,,2023-01-30,2025-04-16
2023-0043-MOZ,No,nat-bio-epi-bac,Natural,Biological,Epidemic,Bacterial disease,GLIDE:EP-2023-000006,Cholera,MOZ,Mozambique,Sub-Saharan Africa,Africa,Muanza,,,No,No,No,,,,-19.0865301,35.1146211,,2023,1,8.0,2023,1,13,141.0,33544.0,,,33544.0,,,,,,,100,,2023-01-30,2025-04-16
2023-0043-MOZ,No,nat-bio-epi-bac,Natural,Biological,Epidemic,Bacterial disease,GLIDE:EP-2023-000006,Cholera,MOZ,Mozambique,Sub-Saharan Africa,Africa,Gorongosa,,,No,No,No,,,,-18.6444253,34.1844412,,2023,1,8.0,2023,1,13,141.0,33544.0,,,33544.0,,,,,,,100,,2023-01-30,2025-04-16
2023-0043-MOZ,No,nat-bio-epi-bac,Natural,Biological,Epidemic,Bacterial disease,GLIDE:EP-2023-000006,Cholera,MOZ,Mozambique,Sub-Saharan Africa,Africa,Cheringoma,,,No,No,No,,,,-18.4929483,35.0504946,,2023,1,8.0,2023,1,13,141.0,33544.0,,,33544.0,,,,,,,100,,2023-01-30,2025-04-16
2023-0043-MOZ,No,nat-bio-epi-bac,Natural,Biological,Epidemic,Bacterial disease,GLIDE:EP-2023-000006,Cholera,MOZ,Mozambique,Sub-Saharan Africa,Africa,Merromeu,,,No,No,No,,,,,,,2023,1,8.0,2023,1,13,141.0,33544.0,,,33544.0,,,,,,,100,,2023-01-30,2025-04-16
2023-0043-MOZ,No,nat-bio-epi-bac,Natural,Biological,Epidemic,Bacterial disease,GLIDE:EP-2023-000006,Cholera,MOZ,Mozambique,Sub-Saharan Africa,Africa,Maringue,,,No,No,No,,,,-17.8144564,34.4970391,,2023,1,8.0,2023,1,13,141.0,33544.0,,,33544.0,,,,,,,100,,2023-01-30,2025-04-16
2023-0043-MOZ,No,nat-bio-epi-bac,Natural,Biological,Epidemic,Bacterial disease,GLIDE:EP-2023-000006,Cholera,MOZ,Mozambique,Sub-Saharan Africa,Africa,Caia,,,No,No,No,,,,-17.7981948,35.0884236,,2023,1,8.0,2023,1,13,141.0,33544.0,,,33544.0,,,,,,,100,,2023-01-30,2025-04-16
2023-0043-MOZ,No,nat-bio-epi-bac,Natural,Biological,Epidemic,Bacterial disease,GLIDE:EP-2023-000006,Cholera,MOZ,Mozambique,Sub-Saharan Africa,Africa,Chemba,,,No,No,No,,,,-17.1612652,34.8900501,,2023,1,8.0,2023,1,13,141.0,33544.0,,,33544.0,,,,,,,100,,2023-01-30,2025-04-16
2023-0043-MOZ,No,nat-bio-epi-bac,Natural,Biological,Epidemic,Bacterial disease,GLIDE:EP-2023-000006,Cholera,MOZ,Mozambique,Sub-Saharan Africa,Africa,Beira,,,No,No,No,,,,-19.828707,34.841782,,2023,1,8.0,2023,1,13,141.0,33544.0,,,33544.0,,,,,,,100,,2023-01-30,2025-04-16
2023-0043-MOZ,No,nat-bio-epi-bac,Natural,Biological,Epidemic,Bacterial disease,GLIDE:EP-2023-000006,Cholera,MOZ,Mozambique,Sub-Saharan Africa,Africa,Angonia,,,No,No,No,,,,-14.7689832,34.1444739,,2023,1,8.0,2023,1,13,141.0,33544.0,,,33544.0,,,,,,,100,,2023-01-30,2025-04-16
2023-0043-MOZ,No,nat-bio-epi-bac,Natural,Biological,Epidemic,Bacterial disease,GLIDE:EP-2023-000006,Cholera,MOZ,Mozambique,Sub-Saharan Africa,Africa,Muturara,,,No,No,No,,,,,,,2023,1,8.0,2023,1,13,141.0,33544.0,,,33544.0,,,,,,,100,,2023-01-30,2025-04-16
2023-0043-MOZ,No,nat-bio-epi-bac,Natural,Biological,Epidemic,Bacterial disease,GLIDE:EP-2023-000006,Cholera,MOZ,Mozambique,Sub-Saharan Africa,Africa,Milange,,,No,No,No,,,,-16.0972035,35.7710397,,2023,1,8.0,2023,1,13,141.0,33544.0,,,33544.0,,,,,,,100,,2023-01-30,2025-04-16
2023-0044-IDN,No,nat-hyd-flo-flo,Natural,Hydrological,Flood,Flood (General),,,IDN,Indonesia,South-eastern Asia,Asia,Manado,Heavy rains,"Slide (land, mud, snow, rock)",No,No,No,,,Km2,1.4900578,124.8408708,Tondanao River,2023,1,27.0,2023,1,30,,,16700.0,,16700.0,,,,,,,100,,2023-01-30,2023-09-26
2023-0046-NZL,No,nat-hyd-flo-flo,Natural,Hydrological,Flood,Flood (General),,,NZL,New Zealand,Australia and New Zealand,Oceania,Kelston,Heavy rains,,No,No,Yes,,,Km2,-36.9015651,174.6650174,,2023,1,27.0,2023,2,2,4.0,,3786.0,1614.0,5400.0,,,1300000.0,1300000.0,1900000.0,1900000.0,100,,2023-01-30,2024-10-28
2023-0046-NZL,No,nat-hyd-flo-flo,Natural,Hydrological,Flood,Flood (General),,,NZL,New Zealand,Australia and New Zealand,Oceania,Albany,Heavy rains,,No,No,Yes,,,Km2,-36.7270579,174.6980553,,2023,1,27.0,2023,2,2,4.0,,3786.0,1614.0,5400.0,,,1300000.0,1300000.0,1900000.0,1900000.0,100,,2023-01-30,2024-10-28
2023-0046-NZL,No,nat-hyd-flo-flo,Natural,Hydrological,Flood,Flood (General),,,NZL,New Zealand,Australia and New Zealand,Oceania,Randwick Park,Heavy rains,,No,No,Yes,,,Km2,-37.0244167,174.9178585,,2023,1,27.0,2023,2,2,4.0,,3786.0,1614.0,5400.0,,,1300000.0,1300000.0,1900000.0,1900000.0,100,,2023-01-30,2024-10-28
2023-0046-NZL,No,nat-hyd-flo-flo,Natural,Hydrological,Flood,Flood (General),,,NZL,New Zealand,Australia and New Zealand,Oceania,Mangere,Heavy rains,,No,No,Yes,,,Km2,-36.9741065,174.7994402,,2023,1,27.0,2023,2,2,4.0,,3786.0,1614.0,5400.0,,,1300000.0,1300000.0,1900000.0,1900000.0,100,,2023-01-30,2024-10-28
2023-0046-NZL,No,nat-hyd-flo-flo,Natural,Hydrological,Flood,Flood (General),,,NZL,New Zealand,Australia and New Zealand,Oceania,Wellsford,Heavy rains,,No,No,Yes,,,Km2,-36.2957426,174.523259,,2023,1,27.0,2023,2,2,4.0,,3786.0,1614.0,5400.0,,,1300000.0,1300000.0,1900000.0,1900000.0,100,,2023-01-30,2024-10-28
2023-0046-NZL,No,nat-hyd-flo-flo,Natural,Hydrological,Flood,Flood (General),,,NZL,New Zealand,Australia and New Zealand,Oceania,Warkworth,Heavy rains,,No,No,Yes,,,Km2,-36.3984914,174.6642316,,2023,1,27.0,2023,2,2,4.0,,3786.0,1614.0,5400.0,,,1300000.0,1300000.0,1900000.0,1900000.0,100,,2023-01-30,2024-10-28
2023-0046-NZL,No,nat-hyd-flo-flo,Natural,Hydrological,Flood,Flood (General),,,NZL,New Zealand,Australia and New Zealand,Oceania,Kumeu,Heavy rains,,No,No,Yes,,,Km2,-36.7753095,174.5546604,,2023,1,27.0,2023,2,2,4.0,,3786.0,1614.0,5400.0,,,1300000.0,1300000.0,1900000.0,1900000.0,100,,2023-01-30,2024-10-28
2023-0047-IRN,No,nat-geo-ear-gro,Natural,Geophysical,Earthquake,Ground movement,,,IRN,Iran,Southern Asia,Asia,Firouragh,,,No,No,No,,5.9,Moment Magnitude,,,,2023,1,28.0,2023,1,28,3.0,1017.0,261387.0,,262404.0,,,,,255000.0,255000.0,100,"[{""adm2_code"":41005,""adm2_name"":""Khoy""}]",2023-01-30,2023-10-25
2023-0047-IRN,No,nat-geo-ear-gro,Natural,Geophysical,Earthquake,Ground movement,,,IRN,Iran,Southern Asia,Asia,Khoy,,,No,No,No,,5.9,Moment Magnitude,38.5504343,44.95354,,2023,1,28.0,2023,1,28,3.0,1017.0,261387.0,,262404.0,,,,,255000.0,255000.0,100,"[{""adm2_code"":41005,""adm2_name"":""Khoy""}]",2023-01-30,2023-10-25
2023-0050-CHL,No,nat-cli-wil-wil,Natural,Climatological,Wildfire,Wildfire (General),,,CHL,Chile,Latin America and the Caribbean,Americas,Bío Bío,Strong winds and high temperatures,Heat wave,No,No,No,,,Km2,-37.3391407,-72.4106825,,2023,2,1.0,2023,3,6,26.0,3034.0,7500.0,,10534.0,,,,,900000.0,900000.0,100,"[{""adm1_code"":884,""adm1_name"":""Araucania""},{""adm1_code"":892,""adm1_name"":""Maule""},{""adm1_code"":91501,""adm1_name"":""Los Lagos""},{""adm1_code"":91504,""adm1_name"":""Los Rios""},{""adm1_code"":149630,""adm1_name"":""Valparaiso""},{""adm2_code"":12947,""adm2_name"":""Ñuble""},{""adm2_code"":12971,""adm2_name"":""Santiago""}]",2023-02-06,2024-01-29
2023-0050-CHL,No,nat-cli-wil-wil,Natural,Climatological,Wildfire,Wildfire (General),,,CHL,Chile,Latin America and the Caribbean,Americas,Araucanía,Strong winds and high temperatures,Heat wave,No,No,No,,,Km2,-38.6678955,-72.2610066,,2023,2,1.0,2023,3,6,26.0,3034.0,7500.0,,10534.0,,,,,900000.0,900000.0,100,"[{""adm1_code"":884,""adm1_name"":""Araucania""},{""adm1_code"":892,""adm1_name"":""Maule""},{""adm1_code"":91501,""adm1_name"":""Los Lagos""},{""adm1_code"":91504,""adm1_name"":""Los Rios""},{""adm1_code"":149630,""adm1_name"":""Valparaiso""},{""adm2_code"":12947,""adm2_name"":""Ñuble""},{""adm2_code"":12971,""adm2_name"":""Santiago""}]",2023-02-06,2024-01-29
2023-0050-CHL,No,nat-cli-wil-wil,Natural,Climatological,Wildfire,Wildfire (General),,,CHL,Chile,Latin America and the Caribbean,Americas,Ñuble,Strong winds and high temperatures,Heat wave,No,No,No,,,Km2,-36.6331577,-71.9384821,,2023,2,1.0,2023,3,6,26.0,3034.0,7500.0,,10534.0,,,,,900000.0,900000.0,100,"[{""adm1_code"":884,""adm1_name"":""Araucania""},{""adm1_code"":892,""adm1_name"":""Maule""},{""adm1_code"":91501,""adm1_name"":""Los Lagos""},{""adm1_code"":91504,""adm1_name"":""Los Rios""},{""adm1_code"":149630,""adm1_name"":""Valparaiso""},{""adm2_code"":12947,""adm2_name"":""Ñuble""},{""adm2_code"":12971,""adm2_name"":""Santiago""}]",2023-02-06,2024-01-29
2023-0050-CHL,No,nat-cli-wil-wil,Natural,Climatological,Wildfire,Wildfire (General),,,CHL,Chile,Latin America and the Caribbean,Americas,Maule,Strong winds and high temperatures,Heat wave,No,No,No,,,Km2,-35.5972284,-71.48868,,2023,2,1.0,2023,3,6,26.0,3034.0,7500.0,,10534.0,,,,,900000.0,900000.0,100,"[{""adm1_code"":884,""adm1_name"":""Araucania""},{""adm1_code"":892,""adm1_name"":""Maule""},{""adm1_code"":91501,""adm1_name"":""Los Lagos""},{""adm1_code"":91504,""adm1_name"":""Los Rios""},{""adm1_code"":149630,""adm1_name"":""Valparaiso""},{""adm2_code"":12947,""adm2_name"":""Ñuble""},{""adm2_code"":12971,""adm2_name"":""Santiago""}]",2023-02-06,2024-01-29
2023-0050-CHL,No,nat-cli-wil-wil,Natural,Climatological,Wildfire,Wildfire (General),,,CHL,Chile,Latin America and the Caribbean,Americas,Los Ríos,Strong winds and high temperatures,Heat wave,No,No,No,,,Km2,-39.9742747,-72.6677006,,2023,2,1.0,2023,3,6,26.0,3034.0,7500.0,,10534.0,,,,,900000.0,900000.0,100,"[{""adm1_code"":884,""adm1_name"":""Araucania""},{""adm1_code"":892,""adm1_name"":""Maule""},{""adm1_code"":91501,""adm1_name"":""Los Lagos""},{""adm1_code"":91504,""adm1_name"":""Los Rios""},{""adm1_code"":149630,""adm1_name"":""Valparaiso""},{""adm2_code"":12947,""adm2_name"":""Ñuble""},{""adm2_code"":12971,""adm2_name"":""Santiago""}]",2023-02-06,2024-01-29
2023-0050-CHL,No,nat-cli-wil-wil,Natural,Climatological,Wildfire,Wildfire (General),,,CHL,Chile,Latin America and the Caribbean,Americas,Los Lagos,Strong winds and high temperatures,Heat wave,No,No,No,,,Km2,-42.300844,-73.105387,,2023,2,1.0,2023,3,6,26.0,3034.0,7500.0,,10534.0,,,,,900000.0,900000.0,100,"[{""adm1_code"":884,""adm1_name"":""Araucania""},{""adm1_code"":892,""adm1_name"":""Maule""},{""adm1_code"":91501,""adm1_name"":""Los Lagos""},{""adm1_code"":91504,""adm1_name"":""Los Rios""},{""adm1_code"":149630,""adm1_name"":""Valparaiso""},{""adm2_code"":12947,""adm2_name"":""Ñuble""},{""adm2_code"":12971,""adm2_name"":""Santiago""}]",2023-02-06,2024-01-29
2023-0050-CHL,No,nat-cli-wil-wil,Natural,Climatological,Wildfire,Wildfire (General),,,CHL,Chile,Latin America and the Caribbean,Americas,Aysén,Strong winds and high temperatures,Heat wave,No,No,No,,,Km2,-46.1434629,-74.2127886,,2023,2,1.0,2023,3,6,26.0,3034.0,7500.0,,10534.0,,,,,900000.0,900000.0,100,"[{""adm1_code"":884,""adm1_name"":""Araucania""},{""adm1_code"":892,""adm1_name"":""Maule""},{""adm1_code"":91501,""adm1_name"":""Los Lagos""},{""adm1_code"":91504,""adm1_name"":""Los Rios""},{""adm1_code"":149630,""adm1_name"":""Valparaiso""},{""adm2_code"":12947,""adm2_name"":""Ñuble""},{""adm2_code"":12971,""adm2_name"":""Santiago""}]",2023-02-06,2024-01-29
2023-0050-CHL,No,nat-cli-wil-wil,Natural,Climatological,Wildfire,Wildfire (General),,,CHL,Chile,Latin America and the Caribbean,Americas,OHiggins,Strong winds and high temperatures,Heat wave,No,No,No,,,Km2,-25.4125359,-70.4772825,,2023,2,1.0,2023,3,6,26.0,3034.0,7500.0,,10534.0,,,,,900000.0,900000.0,100,"[{""adm1_code"":884,""adm1_name"":""Araucania""},{""adm1_code"":892,""adm1_name"":""Maule""},{""adm1_code"":91501,""adm1_name"":""Los Lagos""},{""adm1_code"":91504,""adm1_name"":""Los Rios""},{""adm1_code"":149630,""adm1_name"":""Valparaiso""},{""adm2_code"":12947,""adm2_name"":""Ñuble""},{""adm2_code"":12971,""adm2_name"":""Santiago""}]",2023-02-06,2024-01-29
2023-0050-CHL,No,nat-cli-wil-wil,Natural,Climatological,Wildfire,Wildfire (General),,,CHL,Chile,Latin America and the Caribbean,Americas,Valparaíso,Strong winds and high temperatures,Heat wave,No,No,No,,,Km2,-33.0458456,-71.6196749,,2023,2,1.0,2023,3,6,26.0,3034.0,7500.0,,10534.0,,,,,900000.0,900000.0,100,"[{""adm1_code"":884,""adm1_name"":""Araucania""},{""adm1_code"":892,""adm1_name"":""Maule""},{""adm1_code"":91501,""adm1_name"":""Los Lagos""},{""adm1_code"":91504,""adm1_name"":""Los Rios""},{""adm1_code"":149630,""adm1_name"":""Valparaiso""},{""adm2_code"":12947,""adm2_name"":""Ñuble""},{""adm2_code"":12971,""adm2_name"":""Santiago""}]",2023-02-06,2024-01-29
2023-0050-CHL,No,nat-cli-wil-wil,Natural,Climatological,Wildfire,Wildfire (General),,,CHL,Chile,Latin America and the Caribbean,Americas,Santiago Metropolitan,Strong winds and high temperatures,Heat wave,No,No,No,,,Km2,-33.5739341,-70.6205518,,2023,2,1.0,2023,3,6,26.0,3034.0,7500.0,,10534.0,,,,,900000.0,900000.0,100,"[{""adm1_code"":884,""adm1_name"":""Araucania""},{""adm1_code"":892,""adm1_name"":""Maule""},{""adm1_code"":91501,""adm1_name"":""Los Lagos""},{""adm1_code"":91504,""adm1_name"":""Los Rios""},{""adm1_code"":149630,""adm1_name"":""Valparaiso""},{""adm2_code"":12947,""adm2_name"":""Ñuble""},{""adm2_code"":12971,""adm2_name"":""Santiago""}]",2023-02-06,2024-01-29
2023-0052-CAN,No,nat-met-ext-sev,Natural,Meteorological,Extreme temperature,Severe winter conditions,,,CAN,Canada,Northern America,Americas,Canada,,,No,No,No,,-50.0,°C,61.0666922,-107.991707,,2023,1,30.0,2023,2,5,2.0,,,,,,,,,165000.0,165000.0,100,,2023-02-06,2023-09-26
2023-0052-USA,No,nat-met-ext-sev,Natural,Meteorological,Extreme temperature,Severe winter conditions,,,USA,United States of America,Northern America,Americas,Texas,,Cold wave|Transport accident,No,No,No,,-50.0,°C,31.2638905,-98.5456116,,2023,1,30.0,2023,2,1,10.0,25.0,,,25.0,,,,,385000.0,385000.0,100,"[{""adm1_code"":3217,""adm1_name"":""Arkansas""},{""adm1_code"":3232,""adm1_name"":""Louisiana""},{""adm1_code"":3238,""adm1_name"":""Mississippi""},{""adm1_code"":3250,""adm1_name"":""Oklahoma""},{""adm1_code"":3256,""adm1_name"":""Tennessee""},{""adm1_code"":3257,""adm1_name"":""Texas""}]",2023-02-06,2024-01-26
2023-0052-USA,No,nat-met-ext-sev,Natural,Meteorological,Extreme temperature,Severe winter conditions,,,USA,United States of America,Northern America,Americas,Arkansas,,Cold wave|Transport accident,No,No,No,,-50.0,°C,35.2048883,-92.4479108,,2023,1,30.0,2023,2,1,10.0,25.0,,,25.0,,,,,385000.0,385000.0,100,"[{""adm1_code"":3217,""adm1_name"":""Arkansas""},{""adm1_code"":3232,""adm1_name"":""Louisiana""},{""adm1_code"":3238,""adm1_name"":""Mississippi""},{""adm1_code"":3250,""adm1_name"":""Oklahoma""},{""adm1_code"":3256,""adm1_name"":""Tennessee""},{""adm1_code"":3257,""adm1_name"":""Texas""}]",2023-02-06,2024-01-26
2023-0052-USA,No,nat-met-ext-sev,Natural,Meteorological,Extreme temperature,Severe winter conditions,,,USA,United States of America,Northern America,Americas,Louisiana,,Cold wave|Transport accident,No,No,No,,-50.0,°C,30.8703881,-92.007126,,2023,1,30.0,2023,2,1,10.0,25.0,,,25.0,,,,,385000.0,385000.0,100,"[{""adm1_code"":3217,""adm1_name"":""Arkansas""},{""adm1_code"":3232,""adm1_name"":""Louisiana""},{""adm1_code"":3238,""adm1_name"":""Mississippi""},{""adm1_code"":3250,""adm1_name"":""Oklahoma""},{""adm1_code"":3256,""adm1_name"":""Tennessee""},{""adm1_code"":3257,""adm1_name"":""Texas""}]",2023-02-06,2024-01-26
2023-0052-USA,No,nat-met-ext-sev,Natural,Meteorological,Extreme temperature,Severe winter conditions,,,USA,United States of America,Northern America,Americas,Oklahoma,,Cold wave|Transport accident,No,No,No,,-50.0,°C,34.9550817,-97.2684063,,2023,1,30.0,2023,2,1,10.0,25.0,,,25.0,,,,,385000.0,385000.0,100,"[{""adm1_code"":3217,""adm1_name"":""Arkansas""},{""adm1_code"":3232,""adm1_name"":""Louisiana""},{""adm1_code"":3238,""adm1_name"":""Mississippi""},{""adm1_code"":3250,""adm1_name"":""Oklahoma""},{""adm1_code"":3256,""adm1_name"":""Tennessee""},{""adm1_code"":3257,""adm1_name"":""Texas""}]",2023-02-06,2024-01-26
2023-0052-USA,No,nat-met-ext-sev,Natural,Meteorological,Extreme temperature,Severe winter conditions,,,USA,United States of America,Northern America,Americas,Tennessee. Mississippi,,Cold wave|Transport accident,No,No,No,,-50.0,°C,34.0649347,-88.4258392,,2023,1,30.0,2023,2,1,10.0,25.0,,,25.0,,,,,385000.0,385000.0,100,"[{""adm1_code"":3217,""adm1_name"":""Arkansas""},{""adm1_code"":3232,""adm1_name"":""Louisiana""},{""adm1_code"":3238,""adm1_name"":""Mississippi""},{""adm1_code"":3250,""adm1_name"":""Oklahoma""},{""adm1_code"":3256,""adm1_name"":""Tennessee""},{""adm1_code"":3257,""adm1_name"":""Texas""}]",2023-02-06,2024-01-26
2023-0054-SYR,No,nat-geo-ear-gro,Natural,Geophysical,Earthquake,Ground movement,GLIDE:EQ-2023-000015,,SYR,Syrian Arab Republic,Western Asia,Asia,Aleppo,,,No,No,Yes,,7.8,Moment Magnitude,36.19924,37.1637253,,2023,2,6.0,2023,2,6,5900.0,8700.0,8800000.0,,8808700.0,14800000.0,14800000.0,,,8900000.0,8900000.0,100,"[{""adm1_code"":2834,""adm1_name"":""Aleppo""},{""adm1_code"":2840,""adm1_name"":""Hama""},{""adm1_code"":2844,""adm1_name"":""Lattakia""},{""adm1_code"":2846,""adm1_name"":""Tartous""},{""adm2_code"":26364,""adm2_name"":""Harim""}]",2023-02-06,2024-02-26
2023-0054-SYR,No,nat-geo-ear-gro,Natural,Geophysical,Earthquake,Ground movement,GLIDE:EQ-2023-000015,,SYR,Syrian Arab Republic,Western Asia,Asia,Lattakia,,,No,No,Yes,,7.8,Moment Magnitude,35.5200185,35.7781044,,2023,2,6.0,2023,2,6,5900.0,8700.0,8800000.0,,8808700.0,14800000.0,14800000.0,,,8900000.0,8900000.0,100,"[{""adm1_code"":2834,""adm1_name"":""Aleppo""},{""adm1_code"":2840,""adm1_name"":""Hama""},{""adm1_code"":2844,""adm1_name"":""Lattakia""},{""adm1_code"":2846,""adm1_name"":""Tartous""},{""adm2_code"":26364,""adm2_name"":""Harim""}]",2023-02-06,2024-02-26
2023-0054-SYR,No,nat-geo-ear-gro,Natural,Geophysical,Earthquake,Ground movement,GLIDE:EQ-2023-000015,,SYR,Syrian Arab Republic,Western Asia,Asia,Hama,,,No,No,Yes,,7.8,Moment Magnitude,35.1343368,36.7496276,,2023,2,6.0,2023,2,6,5900.0,8700.0,8800000.0,,8808700.0,14800000.0,14800000.0,,,8900000.0,8900000.0,100,"[{""adm1_code"":2834,""adm1_name"":""Aleppo""},{""adm1_code"":2840,""adm1_name"":""Hama""},{""adm1_code"":2844,""adm1_name"":""Lattakia""},{""adm1_code"":2846,""adm1_name"":""Tartous""},{""adm2_code"":26364,""adm2_name"":""Harim""}]",2023-02-06,2024-02-26
2023-0054-SYR,No,nat-geo-ear-gro,Natural,Geophysical,Earthquake,Ground movement,GLIDE:EQ-2023-000015,,SYR,Syrian Arab Republic,Western Asia,Asia,Harim,,,No,No,Yes,,7.8,Moment Magnitude,36.2118438,36.5207448,,2023,2,6.0,2023,2,6,5900.0,8700.0,8800000.0,,8808700.0,14800000.0,14800000.0,,,8900000.0,8900000.0,100,"[{""adm1_code"":2834,""adm1_name"":""Aleppo""},{""adm1_code"":2840,""adm1_name"":""Hama""},{""adm1_code"":2844,""adm1_name"":""Lattakia""},{""adm1_code"":2846,""adm1_name"":""Tartous""},{""adm2_code"":26364,""adm2_name"":""Harim""}]",2023-02-06,2024-02-26
2023-0054-SYR,No,nat-geo-ear-gro,Natural,Geophysical,Earthquake,Ground movement,GLIDE:EQ-2023-000015,,SYR,Syrian Arab Republic,Western Asia,Asia,Tartous,,,No,No,Yes,,7.8,Moment Magnitude,34.8936225,35.885167,,2023,2,6.0,2023,2,6,5900.0,8700.0,8800000.0,,8808700.0,14800000.0,14800000.0,,,8900000.0,8900000.0,100,"[{""adm1_code"":2834,""adm1_name"":""Aleppo""},{""adm1_code"":2840,""adm1_name"":""Hama""},{""adm1_code"":2844,""adm1_name"":""Lattakia""},{""adm1_code"":2846,""adm1_name"":""Tartous""},{""adm2_code"":26364,""adm2_name"":""Harim""}]",2023-02-06,2024-02-26
2023-0054-SYR,No,nat-geo-ear-gro,Natural,Geophysical,Earthquake,Ground movement,GLIDE:EQ-2023-000015,,SYR,Syrian Arab Republic,Western Asia,Asia,Atmeh,,,No,No,Yes,,7.8,Moment Magnitude,36.3184577,36.6886696,,2023,2,6.0,2023,2,6,5900.0,8700.0,8800000.0,,8808700.0,14800000.0,14800000.0,,,8900000.0,8900000.0,100,"[{""adm1_code"":2834,""adm1_name"":""Aleppo""},{""adm1_code"":2840,""adm1_name"":""Hama""},{""adm1_code"":2844,""adm1_name"":""Lattakia""},{""adm1_code"":2846,""adm1_name"":""Tartous""},{""adm2_code"":26364,""adm2_name"":""Harim""}]",2023-02-06,2024-02-26
2023-0054-SYR,No,nat-geo-ear-gro,Natural,Geophysical,Earthquake,Ground movement,GLIDE:EQ-2023-000015,,SYR,Syrian Arab Republic,Western Asia,Asia,Sarmada,,,No,No,Yes,,7.8,Moment Magnitude,36.1826606,36.7312845,,2023,2,6.0,2023,2,6,5900.0,8700.0,8800000.0,,8808700.0,14800000.0,14800000.0,,,8900000.0,8900000.0,100,"[{""adm1_code"":2834,""adm1_name"":""Aleppo""},{""adm1_code"":2840,""adm1_name"":""Hama""},{""adm1_code"":2844,""adm1_name"":""Lattakia""},{""adm1_code"":2846,""adm1_name"":""Tartous""},{""adm2_code"":26364,""adm2_name"":""Harim""}]",2023-02-06,2024-02-26
2023-0054-SYR,No,nat-geo-ear-gro,Natural,Geophysical,Earthquake,Ground movement,GLIDE:EQ-2023-000015,,SYR,Syrian Arab Republic,Western Asia,Asia,Atareb,,,No,No,Yes,,7.8,Moment Magnitude,36.1393709,36.8234774,,2023,2,6.0,2023,2,6,5900.0,8700.0,8800000.0,,8808700.0,14800000.0,14800000.0,,,8900000.0,8900000.0,100,"[{""adm1_code"":2834,""adm1_name"":""Aleppo""},{""adm1_code"":2840,""adm1_name"":""Hama""},{""adm1_code"":2844,""adm1_name"":""Lattakia""},{""adm1_code"":2846,""adm1_name"":""Tartous""},{""adm2_code"":26364,""adm2_name"":""Harim""}]",2023-02-06,2024-02-26
2023-0054-SYR,No,nat-geo-ear-gro,Natural,Geophysical,Earthquake,Ground movement,GLIDE:EQ-2023-000015,,SYR,Syrian Arab Republic,Western Asia,Asia,Kafr Takharim,,,No,No,Yes,,7.8,Moment Magnitude,36.1166667,36.5166667,,2023,2,6.0,2023,2,6,5900.0,8700.0,8800000.0,,8808700.0,14800000.0,14800000.0,,,8900000.0,8900000.0,100,"[{""adm1_code"":2834,""adm1_name"":""Aleppo""},{""adm1_code"":2840,""adm1_name"":""Hama""},{""adm1_code"":2844,""adm1_name"":""Lattakia""},{""adm1_code"":2846,""adm1_name"":""Tartous""},{""adm2_code"":26364,""adm2_name"":""Harim""}]",2023-02-06,2024-02-26
2023-0054-TUR,No,nat-geo-ear-gro,Natural,Geophysical,Earthquake,Ground movement,GLIDE:EQ-2023-000015,,TUR,Türkiye,Western Asia,Asia,Gaziantep,,Fire,No,Yes,Yes,,7.8,Moment Magnitude,37.0628317,37.3792617,,2023,2,6.0,2023,2,6,53000.0,107000.0,16000000.0,,16107000.0,100000000.0,100000000.0,,,34000000.0,34000000.0,100,"[{""adm1_code"":3017,""adm1_name"":""Adana""},{""adm1_code"":3018,""adm1_name"":""Adiyaman""},{""adm1_code"":3042,""adm1_name"":""Diyarbakir""},{""adm1_code"":3044,""adm1_name"":""Elazig""},{""adm1_code"":3048,""adm1_name"":""Gaziantep""},{""adm1_code"":3052,""adm1_name"":""Hatay""},{""adm1_code"":3064,""adm1_name"":""Kilis""},{""adm1_code"":3071,""adm1_name"":""Malatya""},{""adm1_code"":3079,""adm1_name"":""Osmaniye""},{""adm1_code"":3083,""adm1_name"":""Sanliurfa""},{""adm2_code"":27957,""adm2_name"":""Pazarcik""}]",2023-02-06,2024-07-17
2023-0054-TUR,No,nat-geo-ear-gro,Natural,Geophysical,Earthquake,Ground movement,GLIDE:EQ-2023-000015,,TUR,Türkiye,Western Asia,Asia,Pazarcik,,Fire,No,Yes,Yes,,7.8,Moment Magnitude,37.4907596,37.2901618,,2023,2,6.0,2023,2,6,53000.0,107000.0,16000000.0,,16107000.0,100000000.0,100000000.0,,,34000000.0,34000000.0,100,"[{""adm1_code"":3017,""adm1_name"":""Adana""},{""adm1_code"":3018,""adm1_name"":""Adiyaman""},{""adm1_code"":3042,""adm1_name"":""Diyarbakir""},{""adm1_code"":3044,""adm1_name"":""Elazig""},{""adm1_code"":3048,""adm1_name"":""Gaziantep""},{""adm1_code"":3052,""adm1_name"":""Hatay""},{""adm1_code"":3064,""adm1_name"":""Kilis""},{""adm1_code"":3071,""adm1_name"":""Malatya""},{""adm1_code"":3079,""adm1_name"":""Osmaniye""},{""adm1_code"":3083,""adm1_name"":""Sanliurfa""},{""adm2_code"":27957,""adm2_name"":""Pazarcik""}]",2023-02-06,2024-07-17
2023-0054-TUR,No,nat-geo-ear-gro,Natural,Geophysical,Earthquake,Ground movement,GLIDE:EQ-2023-000015,,TUR,Türkiye,Western Asia,Asia,Sanliurfa,,Fire,No,Yes,Yes,,7.8,Moment Magnitude,37.1596239,38.791929,,2023,2,6.0,2023,2,6,53000.0,107000.0,16000000.0,,16107000.0,100000000.0,100000000.0,,,34000000.0,34000000.0,100,"[{""adm1_code"":3017,""adm1_name"":""Adana""},{""adm1_code"":3018,""adm1_name"":""Adiyaman""},{""adm1_code"":3042,""adm1_name"":""Diyarbakir""},{""adm1_code"":3044,""adm1_name"":""Elazig""},{""adm1_code"":3048,""adm1_name"":""Gaziantep""},{""adm1_code"":3052,""adm1_name"":""Hatay""},{""adm1_code"":3064,""adm1_name"":""Kilis""},{""adm1_code"":3071,""adm1_name"":""Malatya""},{""adm1_code"":3079,""adm1_name"":""Osmaniye""},{""adm1_code"":3083,""adm1_name"":""Sanliurfa""},{""adm2_code"":27957,""adm2_name"":""Pazarcik""}]",2023-02-06,2024-07-17
2023-0054-TUR,No,nat-geo-ear-gro,Natural,Geophysical,Earthquake,Ground movement,GLIDE:EQ-2023-000015,,TUR,Türkiye,Western Asia,Asia,Diyarbakir,,Fire,No,Yes,Yes,,7.8,Moment Magnitude,37.9162222,40.2363542,,2023,2,6.0,2023,2,6,53000.0,107000.0,16000000.0,,16107000.0,100000000.0,100000000.0,,,34000000.0,34000000.0,100,"[{""adm1_code"":3017,""adm1_name"":""Adana""},{""adm1_code"":3018,""adm1_name"":""Adiyaman""},{""adm1_code"":3042,""adm1_name"":""Diyarbakir""},{""adm1_code"":3044,""adm1_name"":""Elazig""},{""adm1_code"":3048,""adm1_name"":""Gaziantep""},{""adm1_code"":3052,""adm1_name"":""Hatay""},{""adm1_code"":3064,""adm1_name"":""Kilis""},{""adm1_code"":3071,""adm1_name"":""Malatya""},{""adm1_code"":3079,""adm1_name"":""Osmaniye""},{""adm1_code"":3083,""adm1_name"":""Sanliurfa""},{""adm2_code"":27957,""adm2_name"":""Pazarcik""}]",2023-02-06,2024-07-17
2023-0054-TUR,No,nat-geo-ear-gro,Natural,Geophysical,Earthquake,Ground movement,GLIDE:EQ-2023-000015,,TUR,Türkiye,Western Asia,Asia,Adana,,Fire,No,Yes,Yes,,7.8,Moment Magnitude,36.9863599,35.3252861,,2023,2,6.0,2023,2,6,53000.0,107000.0,16000000.0,,16107000.0,100000000.0,100000000.0,,,34000000.0,34000000.0,100,"[{""adm1_code"":3017,""adm1_name"":""Adana""},{""adm1_code"":3018,""adm1_name"":""Adiyaman""},{""adm1_code"":3042,""adm1_name"":""Diyarbakir""},{""adm1_code"":3044,""adm1_name"":""Elazig""},{""adm1_code"":3048,""adm1_name"":""Gaziantep""},{""adm1_code"":3052,""adm1_name"":""Hatay""},{""adm1_code"":3064,""adm1_name"":""Kilis""},{""adm1_code"":3071,""adm1_name"":""Malatya""},{""adm1_code"":3079,""adm1_name"":""Osmaniye""},{""adm1_code"":3083,""adm1_name"":""Sanliurfa""},{""adm2_code"":27957,""adm2_name"":""Pazarcik""}]",2023-02-06,2024-07-17
2023-0054-TUR,No,nat-geo-ear-gro,Natural,Geophysical,Earthquake,Ground movement,GLIDE:EQ-2023-000015,,TUR,Türkiye,Western Asia,Asia,Adiyaman,,Fire,No,Yes,Yes,,7.8,Moment Magnitude,37.7602985,38.2772986,,2023,2,6.0,2023,2,6,53000.0,107000.0,16000000.0,,16107000.0,100000000.0,100000000.0,,,34000000.0,34000000.0,100,"[{""adm1_code"":3017,""adm1_name"":""Adana""},{""adm1_code"":3018,""adm1_name"":""Adiyaman""},{""adm1_code"":3042,""adm1_name"":""Diyarbakir""},{""adm1_code"":3044,""adm1_name"":""Elazig""},{""adm1_code"":3048,""adm1_name"":""Gaziantep""},{""adm1_code"":3052,""adm1_name"":""Hatay""},{""adm1_code"":3064,""adm1_name"":""Kilis""},{""adm1_code"":3071,""adm1_name"":""Malatya""},{""adm1_code"":3079,""adm1_name"":""Osmaniye""},{""adm1_code"":3083,""adm1_name"":""Sanliurfa""},{""adm2_code"":27957,""adm2_name"":""Pazarcik""}]",2023-02-06,2024-07-17
2023-0054-TUR,No,nat-geo-ear-gro,Natural,Geophysical,Earthquake,Ground movement,GLIDE:EQ-2023-000015,,TUR,Türkiye,Western Asia,Asia,Osmaniye,,Fire,No,Yes,Yes,,7.8,Moment Magnitude,37.2517882,36.2993502,,2023,2,6.0,2023,2,6,53000.0,107000.0,16000000.0,,16107000.0,100000000.0,100000000.0,,,34000000.0,34000000.0,100,"[{""adm1_code"":3017,""adm1_name"":""Adana""},{""adm1_code"":3018,""adm1_name"":""Adiyaman""},{""adm1_code"":3042,""adm1_name"":""Diyarbakir""},{""adm1_code"":3044,""adm1_name"":""Elazig""},{""adm1_code"":3048,""adm1_name"":""Gaziantep""},{""adm1_code"":3052,""adm1_name"":""Hatay""},{""adm1_code"":3064,""adm1_name"":""Kilis""},{""adm1_code"":3071,""adm1_name"":""Malatya""},{""adm1_code"":3079,""adm1_name"":""Osmaniye""},{""adm1_code"":3083,""adm1_name"":""Sanliurfa""},{""adm2_code"":27957,""adm2_name"":""Pazarcik""}]",2023-02-06,2024-07-17
2023-0054-TUR,No,nat-geo-ear-gro,Natural,Geophysical,Earthquake,Ground movement,GLIDE:EQ-2023-000015,,TUR,Türkiye,Western Asia,Asia,Hatay,,Fire,No,Yes,Yes,,7.8,Moment Magnitude,36.3451332,36.0748022,,2023,2,6.0,2023,2,6,53000.0,107000.0,16000000.0,,16107000.0,100000000.0,100000000.0,,,34000000.0,34000000.0,100,"[{""adm1_code"":3017,""adm1_name"":""Adana""},{""adm1_code"":3018,""adm1_name"":""Adiyaman""},{""adm1_code"":3042,""adm1_name"":""Diyarbakir""},{""adm1_code"":3044,""adm1_name"":""Elazig""},{""adm1_code"":3048,""adm1_name"":""Gaziantep""},{""adm1_code"":3052,""adm1_name"":""Hatay""},{""adm1_code"":3064,""adm1_name"":""Kilis""},{""adm1_code"":3071,""adm1_name"":""Malatya""},{""adm1_code"":3079,""adm1_name"":""Osmaniye""},{""adm1_code"":3083,""adm1_name"":""Sanliurfa""},{""adm2_code"":27957,""adm2_name"":""Pazarcik""}]",2023-02-06,2024-07-17
2023-0054-TUR,No,nat-geo-ear-gro,Natural,Geophysical,Earthquake,Ground movement,GLIDE:EQ-2023-000015,,TUR,Türkiye,Western Asia,Asia,Kilis,,Fire,No,Yes,Yes,,7.8,Moment Magnitude,36.7797231,37.1416892,,2023,2,6.0,2023,2,6,53000.0,107000.0,16000000.0,,16107000.0,100000000.0,100000000.0,,,34000000.0,34000000.0,100,"[{""adm1_code"":3017,""adm1_name"":""Adana""},{""adm1_code"":3018,""adm1_name"":""Adiyaman""},{""adm1_code"":3042,""adm1_name"":""Diyarbakir""},{""adm1_code"":3044,""adm1_name"":""Elazig""},{""adm1_code"":3048,""adm1_name"":""Gaziantep""},{""adm1_code"":3052,""adm1_name"":""Hatay""},{""adm1_code"":3064,""adm1_name"":""Kilis""},{""adm1_code"":3071,""adm1_name"":""Malatya""},{""adm1_code"":3079,""adm1_name"":""Osmaniye""},{""adm1_code"":3083,""adm1_name"":""Sanliurfa""},{""adm2_code"":27957,""adm2_name"":""Pazarcik""}]",2023-02-06,2024-07-17
2023-0054-TUR,No,nat-geo-ear-gro,Natural,Geophysical,Earthquake,Ground movement,GLIDE:EQ-2023-000015,,TUR,Türkiye,Western Asia,Asia,Elazig,,Fire,No,Yes,Yes,,7.8,Moment Magnitude,38.5824771,39.396179,,2023,2,6.0,2023,2,6,53000.0,107000.0,16000000.0,,16107000.0,100000000.0,100000000.0,,,34000000.0,34000000.0,100,"[{""adm1_code"":3017,""adm1_name"":""Adana""},{""adm1_code"":3018,""adm1_name"":""Adiyaman""},{""adm1_code"":3042,""adm1_name"":""Diyarbakir""},{""adm1_code"":3044,""adm1_name"":""Elazig""},{""adm1_code"":3048,""adm1_name"":""Gaziantep""},{""adm1_code"":3052,""adm1_name"":""Hatay""},{""adm1_code"":3064,""adm1_name"":""Kilis""},{""adm1_code"":3071,""adm1_name"":""Malatya""},{""adm1_code"":3079,""adm1_name"":""Osmaniye""},{""adm1_code"":3083,""adm1_name"":""Sanliurfa""},{""adm2_code"":27957,""adm2_name"":""Pazarcik""}]",2023-02-06,2024-07-17
2023-0054-TUR,No,nat-geo-ear-gro,Natural,Geophysical,Earthquake,Ground movement,GLIDE:EQ-2023-000015,,TUR,Türkiye,Western Asia,Asia,Malatya,,Fire,No,Yes,Yes,,7.8,Moment Magnitude,38.3487153,38.3190674,,2023,2,6.0,2023,2,6,53000.0,107000.0,16000000.0,,16107000.0,100000000.0,100000000.0,,,34000000.0,34000000.0,100,"[{""adm1_code"":3017,""adm1_name"":""Adana""},{""adm1_code"":3018,""adm1_name"":""Adiyaman""},{""adm1_code"":3042,""adm1_name"":""Diyarbakir""},{""adm1_code"":3044,""adm1_name"":""Elazig""},{""adm1_code"":3048,""adm1_name"":""Gaziantep""},{""adm1_code"":3052,""adm1_name"":""Hatay""},{""adm1_code"":3064,""adm1_name"":""Kilis""},{""adm1_code"":3071,""adm1_name"":""Malatya""},{""adm1_code"":3079,""adm1_name"":""Osmaniye""},{""adm1_code"":3083,""adm1_name"":""Sanliurfa""},{""adm2_code"":27957,""adm2_name"":""Pazarcik""}]",2023-02-06,2024-07-17
2023-0055-BOL,No,nat-hyd-flo-flo,Natural,Hydrological,Flood,Flood (General),,,BOL,Bolivia,Latin America and the Caribbean,Americas,Guanay,Heavy rains,,No,No,No,,,Km2,-15.4977479,-67.8797554,"Mapiri, and Guanay Rivers",2023,1,,2023,3,16,5.0,,188610.0,,188610.0,,,,,,,100,"[{""adm1_code"":40443,""adm1_name"":""Beni""},{""adm1_code"":40444,""adm1_name"":""Chuquisaca""},{""adm1_code"":40445,""adm1_name"":""Cochabamba""},{""adm1_code"":40448,""adm1_name"":""Potosi""},{""adm1_code"":40449,""adm1_name"":""Santa Cruz""},{""adm2_code"":40482,""adm2_name"":""Gualberto Villarroel""}]",2023-02-06,2023-09-26
2023-0055-BOL,No,nat-hyd-flo-flo,Natural,Hydrological,Flood,Flood (General),,,BOL,Bolivia,Latin America and the Caribbean,Americas,Mapiri,Heavy rains,,No,No,No,,,Km2,-15.3095516,-68.2148428,"Mapiri, and Guanay Rivers",2023,1,,2023,3,16,5.0,,188610.0,,188610.0,,,,,,,100,"[{""adm1_code"":40443,""adm1_name"":""Beni""},{""adm1_code"":40444,""adm1_name"":""Chuquisaca""},{""adm1_code"":40445,""adm1_name"":""Cochabamba""},{""adm1_code"":40448,""adm1_name"":""Potosi""},{""adm1_code"":40449,""adm1_name"":""Santa Cruz""},{""adm2_code"":40482,""adm2_name"":""Gualberto Villarroel""}]",2023-02-06,2023-09-26
2023-0055-BOL,No,nat-hyd-flo-flo,Natural,Hydrological,Flood,Flood (General),,,BOL,Bolivia,Latin America and the Caribbean,Americas,Chuquisaca,Heavy rains,,No,No,No,,,Km2,-19.0477251,-65.2594306,"Mapiri, and Guanay Rivers",2023,1,,2023,3,16,5.0,,188610.0,,188610.0,,,,,,,100,"[{""adm1_code"":40443,""adm1_name"":""Beni""},{""adm1_code"":40444,""adm1_name"":""Chuquisaca""},{""adm1_code"":40445,""adm1_name"":""Cochabamba""},{""adm1_code"":40448,""adm1_name"":""Potosi""},{""adm1_code"":40449,""adm1_name"":""Santa Cruz""},{""adm2_code"":40482,""adm2_name"":""Gualberto Villarroel""}]",2023-02-06,2023-09-26
2023-0055-BOL,No,nat-hyd-flo-flo,Natural,Hydrological,Flood,Flood (General),,,BOL,Bolivia,Latin America and the Caribbean,Americas,Tipuani municipalities,Heavy rains,,No,No,No,,,Km2,,,"Mapiri, and Guanay Rivers",2023,1,,2023,3,16,5.0,,188610.0,,188610.0,,,,,,,100,"[{""adm1_code"":40443,""adm1_name"":""Beni""},{""adm1_code"":40444,""adm1_name"":""Chuquisaca""},{""adm1_code"":40445,""adm1_name"":""Cochabamba""},{""adm1_code"":40448,""adm1_name"":""Potosi""},{""adm1_code"":40449,""adm1_name"":""Santa Cruz""},{""adm2_code"":40482,""adm2_name"":""Gualberto Villarroel""}]",2023-02-06,2023-09-26
2023-0055-BOL,No,nat-hyd-flo-flo,Natural,Hydrological,Flood,Flood (General),,,BOL,Bolivia,Latin America and the Caribbean,Americas,Santa Cruz,Heavy rains,,No,No,No,,,Km2,-17.333333,-61.5,"Mapiri, and Guanay Rivers",2023,1,,2023,3,16,5.0,,188610.0,,188610.0,,,,,,,100,"[{""adm1_code"":40443,""adm1_name"":""Beni""},{""adm1_code"":40444,""adm1_name"":""Chuquisaca""},{""adm1_code"":40445,""adm1_name"":""Cochabamba""},{""adm1_code"":40448,""adm1_name"":""Potosi""},{""adm1_code"":40449,""adm1_name"":""Santa Cruz""},{""adm2_code"":40482,""adm2_name"":""Gualberto Villarroel""}]",2023-02-06,2023-09-26
2023-0055-BOL,No,nat-hyd-flo-flo,Natural,Hydrological,Flood,Flood (General),,,BOL,Bolivia,Latin America and the Caribbean,Americas,Cochabamba,Heavy rains,,No,No,No,,,Km2,-17.4012458,-66.1675681,"Mapiri, and Guanay Rivers",2023,1,,2023,3,16,5.0,,188610.0,,188610.0,,,,,,,100,"[{""adm1_code"":40443,""adm1_name"":""Beni""},{""adm1_code"":40444,""adm1_name"":""Chuquisaca""},{""adm1_code"":40445,""adm1_name"":""Cochabamba""},{""adm1_code"":40448,""adm1_name"":""Potosi""},{""adm1_code"":40449,""adm1_name"":""Santa Cruz""},{""adm2_code"":40482,""adm2_name"":""Gualberto Villarroel""}]",2023-02-06,2023-09-26
2023-0055-BOL,No,nat-hyd-flo-flo,Natural,Hydrological,Flood,Flood (General),,,BOL,Bolivia,Latin America and the Caribbean,Americas,Potosi,Heavy rains,,No,No,No,,,Km2,-19.5892896,-65.7534713,"Mapiri, and Guanay Rivers",2023,1,,2023,3,16,5.0,,188610.0,,188610.0,,,,,,,100,"[{""adm1_code"":40443,""adm1_name"":""Beni""},{""adm1_code"":40444,""adm1_name"":""Chuquisaca""},{""adm1_code"":40445,""adm1_name"":""Cochabamba""},{""adm1_code"":40448,""adm1_name"":""Potosi""},{""adm1_code"":40449,""adm1_name"":""Santa Cruz""},{""adm2_code"":40482,""adm2_name"":""Gualberto Villarroel""}]",2023-02-06,2023-09-26
2023-0055-BOL,No,nat-hyd-flo-flo,Natural,Hydrological,Flood,Flood (General),,,BOL,Bolivia,Latin America and the Caribbean,Americas,Beni,Heavy rains,,No,No,No,,,Km2,-14.0,-65.0,"Mapiri, and Guanay Rivers",2023,1,,2023,3,16,5.0,,188610.0,,188610.0,,,,,,,100,"[{""adm1_code"":40443,""adm1_name"":""Beni""},{""adm1_code"":40444,""adm1_name"":""Chuquisaca""},{""adm1_code"":40445,""adm1_name"":""Cochabamba""},{""adm1_code"":40448,""adm1_name"":""Potosi""},{""adm1_code"":40449,""adm1_name"":""Santa Cruz""},{""adm2_code"":40482,""adm2_name"":""Gualberto Villarroel""}]",2023-02-06,2023-09-26
2023-0056-ZMB,No,nat-hyd-flo-flo,Natural,Hydrological,Flood,Flood (General),,,ZMB,Zambia,Sub-Saharan Africa,Africa,Kalomo,Heavy rain,Lightening,No,No,No,,,Km2,-17.0237081,26.4898581,"Luangwa, Mkushi Rivers",2023,1,11.0,2023,1,30,,,22000.0,,22000.0,,,,,,,100,"[{""adm2_code"":65228,""adm2_name"":""Choma""},{""adm2_code"":65231,""adm2_name"":""Kalomo""},{""adm2_code"":65236,""adm2_name"":""Namwala""}]",2023-02-06,2023-09-26
2023-0056-ZMB,No,nat-hyd-flo-flo,Natural,Hydrological,Flood,Flood (General),,,ZMB,Zambia,Sub-Saharan Africa,Africa,Namwala,Heavy rain,Lightening,No,No,No,,,Km2,-15.7511868,26.4371121,"Luangwa, Mkushi Rivers",2023,1,11.0,2023,1,30,,,22000.0,,22000.0,,,,,,,100,"[{""adm2_code"":65228,""adm2_name"":""Choma""},{""adm2_code"":65231,""adm2_name"":""Kalomo""},{""adm2_code"":65236,""adm2_name"":""Namwala""}]",2023-02-06,2023-09-26
2023-0056-ZMB,No,nat-hyd-flo-flo,Natural,Hydrological,Flood,Flood (General),,,ZMB,Zambia,Sub-Saharan Africa,Africa,Choma Districts in the Southern,Heavy rain,Lightening,No,No,No,,,Km2,,,"Luangwa, Mkushi Rivers",2023,1,11.0,2023,1,30,,,22000.0,,22000.0,,,,,,,100,"[{""adm2_code"":65228,""adm2_name"":""Choma""},{""adm2_code"":65231,""adm2_name"":""Kalomo""},{""adm2_code"":65236,""adm2_name"":""Namwala""}]",2023-02-06,2023-09-26
2023-0057-PAK,No,tec-tra-wat-wat,Technological,Transport,Water,Water,,,PAK,Pakistan,Southern Asia,Asia,Tanda Dam lake,,,No,No,No,,,,,,,2023,1,29.0,2023,1,29,51.0,,5.0,,5.0,,,,,,,100,,2023-02-06,2023-09-26
2023-0058-BEN,No,tec-tra-roa-roa,Technological,Transport,Road,Road,,,BEN,Benin,Sub-Saharan Africa,Africa,Dassa-Zoumè,,,No,No,No,,,,7.7815402,2.183606,,2023,1,30.0,2023,1,30,22.0,,,,,,,,,,,100,,2023-02-06,2023-09-26
2023-0059-CUB,No,tec-tra-wat-wat,Technological,Transport,Water,Water,,'Migrants',CUB,Cuba,Latin America and the Caribbean,Americas,Cuba,,,No,No,No,,,,23.0131338,-80.8328748,,2023,1,27.0,2023,1,27,17.0,,,,,,,,,,,100,,2023-02-06,2023-09-26
2023-0060-PER,No,tec-tra-roa-roa,Technological,Transport,Road,Road,,,PER,Peru,Latin America and the Caribbean,Americas,Piura,,,No,No,No,,,,-5.0,-80.333333,,2023,1,28.0,2023,1,28,25.0,,,,,,,,,,,100,,2023-02-06,2023-09-26
2023-0061-PAK,No,tec-tra-roa-roa,Technological,Transport,Road,Road,,,PAK,Pakistan,Southern Asia,Asia,Asia,,,No,No,No,,,,,,,2023,1,29.0,2023,1,29,41.0,,,,,,,,,,,100,,2023-02-06,2023-09-26
2023-0062-TCD,No,tec-tra-roa-roa,Technological,Transport,Road,Road,,,TCD,Chad,Sub-Saharan Africa,Africa,Oum-Hadjer,,,No,No,No,,,,13.2937546,19.6889527,,2023,1,27.0,2023,1,27,20.0,7.0,,,7.0,,,,,,,100,,2023-02-06,2023-09-26
2023-0063-JPN,No,tec-tra-wat-wat,Technological,Transport,Water,Water,,Cargo 'Jin Tian',JPN,Japan,Eastern Asia,Asia,Japan,,,No,No,No,,,,36.5748441,139.2394179,,2023,1,24.0,2023,1,25,10.0,,14.0,,14.0,,,,,,,100,,2023-02-06,2023-09-26
2023-0064-IND,No,tec-mis-col-col,Technological,Miscellaneous accident,Collapse (Miscellaneous),Collapse (Miscellaneous),,Building,IND,India,Southern Asia,Asia,Lucknow,Earthquake,,No,No,No,,,,26.8381,80.9346001,,2023,1,24.0,2023,1,24,33.0,,,,,,,,,,,100,,2023-02-06,2023-09-26
2023-0065-CHN,No,tec-tra-roa-roa,Technological,Transport,Road,Road,,,CHN,China,Eastern Asia,Asia,Hunan,,,No,No,No,,,,27.6662087,111.7487063,,2023,2,4.0,2023,2,4,16.0,66.0,,,66.0,,,,,,,100,,2023-02-06,2023-09-26
2023-0066-PER,No,nat-hyd-mmw-lan,Natural,Hydrological,Mass movement (wet),Landslide (wet),,,PER,Peru,Latin America and the Caribbean,Americas,Camaná,Heavy rains,Flood,No,No,Yes,,,,-16.416667,-72.833333,,2023,2,5.0,2023,2,7,38.0,27.0,6300.0,,6327.0,,,,,,,100,"[{""adm2_code"":24040,""adm2_name"":""Camaná""}]",2023-02-07,2023-09-26
2023-0068-ZMB,No,nat-bio-epi-bac,Natural,Biological,Epidemic,Bacterial disease,GLIDE:EP-2023-000013,Cholera,ZMB,Zambia,Sub-Saharan Africa,Africa,Chikoma,,,No,No,No,,,,,,,2023,1,21.0,2023,1,30,2.0,118.0,,,118.0,,,,,,,100,,2023-02-07,2023-09-26
2023-0068-ZMB,No,nat-bio-epi-bac,Natural,Biological,Epidemic,Bacterial disease,GLIDE:EP-2023-000013,Cholera,ZMB,Zambia,Sub-Saharan Africa,Africa,Mbande,,,No,No,No,,,,-13.954869,32.872885,,2023,1,21.0,2023,1,30,2.0,118.0,,,118.0,,,,,,,100,,2023-02-07,2023-09-26
2023-0068-ZMB,No,nat-bio-epi-bac,Natural,Biological,Epidemic,Bacterial disease,GLIDE:EP-2023-000013,Cholera,ZMB,Zambia,Sub-Saharan Africa,Africa,Mzigawa,,,No,No,No,,,,,,,2023,1,21.0,2023,1,30,2.0,118.0,,,118.0,,,,,,,100,,2023-02-07,2023-09-26
2023-0068-ZMB,No,nat-bio-epi-bac,Natural,Biological,Epidemic,Bacterial disease,GLIDE:EP-2023-000013,Cholera,ZMB,Zambia,Sub-Saharan Africa,Africa,Chipanji,,,No,No,No,,,,,,,2023,1,21.0,2023,1,30,2.0,118.0,,,118.0,,,,,,,100,,2023-02-07,2023-09-26
2023-0068-ZMB,No,nat-bio-epi-bac,Natural,Biological,Epidemic,Bacterial disease,GLIDE:EP-2023-000013,Cholera,ZMB,Zambia,Sub-Saharan Africa,Africa,Mlawe,,,No,No,No,,,,-14.04341,32.96604,,2023,1,21.0,2023,1,30,2.0,118.0,,,118.0,,,,,,,100,,2023-02-07,2023-09-26
2023-0068-ZMB,No,nat-bio-epi-bac,Natural,Biological,Epidemic,Bacterial disease,GLIDE:EP-2023-000013,Cholera,ZMB,Zambia,Sub-Saharan Africa,Africa,Eastern,,,No,No,No,,,,-13.6514737,31.9958539,,2023,1,21.0,2023,1,30,2.0,118.0,,,118.0,,,,,,,100,,2023-02-07,2023-09-26
2023-0068-ZMB,No,nat-bio-epi-bac,Natural,Biological,Epidemic,Bacterial disease,GLIDE:EP-2023-000013,Cholera,ZMB,Zambia,Sub-Saharan Africa,Africa,Luapula,,,No,No,No,,,,-10.4680244,29.1275609,,2023,1,21.0,2023,1,30,2.0,118.0,,,118.0,,,,,,,100,,2023-02-07,2023-09-26
2023-0068-ZMB,No,nat-bio-epi-bac,Natural,Biological,Epidemic,Bacterial disease,GLIDE:EP-2023-000013,Cholera,ZMB,Zambia,Sub-Saharan Africa,Africa,Lusaka,,,No,No,No,,,,-15.4163395,28.2818414,,2023,1,21.0,2023,1,30,2.0,118.0,,,118.0,,,,,,,100,,2023-02-07,2023-09-26
2023-0068-ZMB,No,nat-bio-epi-bac,Natural,Biological,Epidemic,Bacterial disease,GLIDE:EP-2023-000013,Cholera,ZMB,Zambia,Sub-Saharan Africa,Africa,Southern,,,No,No,No,,,,-16.5381715,26.7374997,,2023,1,21.0,2023,1,30,2.0,118.0,,,118.0,,,,,,,100,,2023-02-07,2023-09-26
2023-0069-GNB,No,tec-mis-fir-fir,Technological,Miscellaneous accident,Fire (Miscellaneous),Fire (Miscellaneous),,,GNB,Guinea-Bissau,Sub-Saharan Africa,Africa,Menegue,,,No,No,No,,,,,,,2023,1,14.0,2023,1,14,,,2065.0,,2065.0,,,,,,,100,,2023-02-07,2023-09-26
2023-0073-IDN,No,nat-geo-ear-gro,Natural,Geophysical,Earthquake,Ground movement,,,IDN,Indonesia,South-eastern Asia,Asia,Papua,,Collapse,No,No,No,,5.1,Moment Magnitude,-2.4749149,138.08485,,2023,2,9.0,2023,2,9,4.0,,2136.0,,2136.0,,,,,,,100,,2023-02-09,2025-03-18
2023-0074-BFA,No,tec-ind-col-col,Technological,Industrial accident,Collapse (Industrial),Collapse (Industrial),,Gold mine,BFA,Burkina Faso,Sub-Saharan Africa,Africa,Dohoun,,,No,No,No,,,m3,11.5462789,-3.605807,,2023,2,9.0,2023,2,9,10.0,,,,,,,,,,,100,,2023-02-09,2023-09-26
